{
 "1": {
  "hip": [
   9.105610879558519,
   -2.3560433711281843,
   51.88992743276028
  ],
  "toe": [
   48.763368026360716,
   -31.348593958551458,
   75.48357939073775
  ],
  "knee": [
   28.255933137233853,
   -23.552242911329948,
   50.05285289863694
  ],
  "u": [
   0.7277000462805983,
   -0.5319988300438148,
   0.4329317353523851
  ],
  "d": [
   -0.349495350588847,
   0.25550516118467465,
   0.9014267094582744
  ],
  "l": [
   0.5901742476252198,
   0.8072758868193735,
   2.7755575615628914e-17
  ],
  "L": 54.49739538907536,
  "knee_frac": 0.44803454751575555,
  "scale": 6.018636260656073
 },
 "2": {
  "hip": [
   12.915812331556356,
   15.587573264789532,
   48.98121989870613
  ],
  "toe": [
   33.1160010975697,
   2.531523031608162,
   1.4656156168602452
  ],
  "knee": [
   36.1556762512476,
   12.288449867003177,
   29.44836261854762
  ],
  "u": [
   0.3793009090660636,
   -0.24515472501870253,
   -0.8922051228179885
  ],
  "d": [
   0.7493167281245656,
   -0.4843081892094717,
   0.45163040067884963
  ],
  "l": [
   0.5428215741239042,
   0.8398480449853095,
   0.0
  ],
  "L": 53.256367921056146,
  "knee_frac": 0.5079394931593222,
  "scale": 6.158887900245213
 },
 "3": {
  "hip": [
   -17.986044563308788,
   22.88207183316246,
   55.807223420236916
  ],
  "toe": [
   -35.23544206371901,
   45.2736954635083,
   9.920154300978275
  ],
  "knee": [
   -32.79378945816114,
   36.50307465739056,
   37.23999733951757
  ],
  "u": [
   -0.3200623053770625,
   0.41547623214628565,
   -0.8514338619048726
  ],
  "d": [
   -0.5196027357352685,
   0.6745017555311995,
   0.5244619898541308
  ],
  "l": [
   -0.7921951260220832,
   -0.6102678774987713,
   0.0
  ],
  "L": 53.89387381962667,
  "knee_frac": 0.48627732707478555,
  "scale": 6.086034956361801
 },
 "4": {
  "hip": [
   -23.94510961500508,
   2.085226019765002,
   54.25875153216005
  ],
  "toe": [
   -48.726345644193884,
   -10.428639770929863,
   1.4774809268035942
  ],
  "knee": [
   -40.25833750951597,
   -11.181539949886062,
   31.897769120440934
  ],
  "u": [
   -0.4155347451467235,
   -0.20983400610090186,
   -0.8850426913203081
  ],
  "d": [
   -0.7900283468170527,
   -0.3989433251540987,
   0.4655098651376851
  ],
  "l": [
   0.4507616740599873,
   -0.8926443374595717,
   0.0
  ],
  "L": 59.636976976350454,
  "knee_frac": 0.49219389025964755,
  "scale": 5.499943434927481
 },
 "5": {
  "hip": [
   -18.406543551266697,
   -6.562139660352644,
   54.429655168159435
  ],
  "toe": [
   -17.61913421940538,
   -41.276645821933464,
   30.41695160603478
  ],
  "knee": [
   -27.34134640069759,
   -17.318752911898144,
   40.22654259501817
  ],
  "u": [
   0.01865120426896897,
   -0.8222754281886803,
   -0.5687840124128314
  ],
  "d": [
   0.01289808559312741,
   -0.5686377512656651,
   0.822486928299508
  ],
  "l": [
   0.9997428529213648,
   0.0226765965843741,
   -1.734723475976807e-18
  ],
  "L": 42.21761343160943,
  "knee_frac": 0.39691389281098277,
  "scale": 7.769269111607759
 }
}