{
 "description": "LEG4 align-only: assembled o3d leg (4-A+4-B, pegs kept, 4-A knee clevis raw), extended+aligned to D-043 chassis skeleton (HIP=0,KNEE=158,TOE=328 along +X).",
 "method": "per-piece similarity: shortest-arc rotate long axis->+X (preserves o3d roll), uniform scale to span, translate to station.",
 "frame": "chassis leg frame (X=reach, Z=up, Y=pitch axis); o3d source = toy statue frame.",
 "chassis_stations_mm": {
  "HIP": 0,
  "KNEE": 158,
  "TOE": 328
 },
 "o3d_joints_statue_mm": {
  "HIP": [
   -24.796753335374003,
   1.6926773313231478,
   52.285536299543836
  ],
  "KNEE_4A": [
   -43.63271868627546,
   -11.885993040520498,
   26.319805817372405
  ],
  "KNEE_4B": [
   -43.86893108314614,
   -13.39378452828931,
   32.653488730244405
  ],
  "TOE": [
   -45.733625209871796,
   -8.53792168746331,
   2.3355866419350293
  ],
  "knee_ball_socket_gap_mm": 6.514965134813096
 },
 "scale": {
  "4-A": 4.535825490477485,
  "4-B": 5.526500076698584
 },
 "source_span_mm": {
  "4-A_hip_knee": 34.83379162882375,
  "4-B_knee_toe": 30.76087897234853
 },
 "knee_extension_deg": 45.0955082804646,
 "o3d_interior_knee_angle_deg": 134.9044917195354,
 "transforms_o3dstatue_to_chassis_4x4": {
  "4-A": [
   [
    -2.452694575622187,
    -1.768124465337728,
    -3.38108533962883,
    118.95586205974053
   ],
   [
    1.768124465337728,
    3.035072896086179,
    -2.8698050927863634,
    188.7556454945985
   ],
   [
    3.38108533962883,
    -2.8698050927863634,
    -0.9519419812308796,
    138.47039021320737
   ],
   [
    0.0,
    0.0,
    0.0,
    1.0
   ]
  ],
  "4-B": [
   [
    -0.3350109807860926,
    0.8724044064666017,
    -5.44691484164016,
    332.84899540963943
   ],
   [
    -0.8724044064666017,
    5.37989677380008,
    0.9153274564780686,
    3.897094604210826
   ],
   [
    5.44691484164016,
    0.9153274564780686,
    -0.18840767788758866,
    257.36219851516626
   ],
   [
    0.0,
    0.0,
    0.0,
    1.0
   ]
  ]
 },
 "note": "NOTHING trimmed/hollowed/anchored. Pegs kept. Align+show only."
}