{
 "description": "LEG5 align-only: assembled o3d leg (5-A+5-B, pegs kept), extended+aligned to D-043 chassis skeleton (HIP=0,KNEE=158,TOE=328 along +X).",
 "method": "per-piece similarity: shortest-arc rotate long axis->+X (preserves o3d roll), uniform scale to span, translate to station.",
 "frame": "chassis leg frame (X=reach, Z=up, Y=pitch axis); o3d source = toy statue frame.",
 "chassis_stations_mm": {
  "HIP": 0,
  "KNEE": 158,
  "TOE": 328
 },
 "o3d_joints_statue_mm": {
  "HIP": [
   -16.71745445425557,
   -10.57625106825887,
   54.705694270737744
  ],
  "KNEE_5A": [
   -31.57953240519221,
   -13.08104561920456,
   33.33018256414309
  ],
  "KNEE_5B": [
   -32.246432297670964,
   -14.270434428594568,
   39.197542124582505
  ],
  "TOE": [
   -10.559719374450506,
   -43.561112249453096,
   28.441035026684972
  ],
  "knee_ball_socket_gap_mm": 6.023728863251582
 },
 "scale": {
  "5-A": 6.040981346010958,
  "5-B": 4.473746531168745
 },
 "source_span_mm": {
  "5-A_hip_knee": 26.154690926885937,
  "5-B_knee_toe": 37.9994706485055
 },
 "leg2_reference_scale": {
  "2-A": 4.812921381431387,
  "2-B": 6.002230681606543
 },
 "knee_extension_deg": 91.09636681527917,
 "o3d_interior_knee_angle_deg": 88.90363318472083,
 "transforms_o3dstatue_to_chassis_4x4": {
  "5-A": [
   [
    -3.4327125453536627,
    -0.578535498666449,
    -4.9371284043061605,
    206.58408474404982
   ],
   [
    0.578535498666449,
    5.912657408258496,
    -1.0950957365459242,
    132.11336264013872
   ],
   [
    4.9371284043061605,
    -1.0950957365459242,
    -3.3043886076011995,
    251.72308469945014
   ],
   [
    0.0,
    0.0,
    0.0,
    1.0
   ]
  ],
  "5-B": [
   [
    2.5532160068794454,
    -3.44844457199829,
    -1.2663830704863694,
    240.76040871307097
   ],
   [
    3.44844457199829,
    2.7814406590717615,
    -0.6214707708833528,
    175.2525276864212
   ],
   [
    1.2663830704863694,
    -0.6214707708833528,
    4.245521878976429,
    -134.44634463183883
   ],
   [
    0.0,
    0.0,
    0.0,
    1.0
   ]
  ]
 },
 "note": "NOTHING trimmed/hollowed/anchored. Pegs kept. Align+show only, for operator confirmation."
}