{
 "torso": [
  [
   0.9866838236451819,
   -0.16005777410654018,
   -0.028923020329597923,
   -34.2033271384267
  ],
  [
   0.16262577345188964,
   0.9738845752248799,
   0.15843513482883595,
   -29.571217946748135
  ],
  [
   0.0028089083469384594,
   -0.16102901318432083,
   0.9869456757830098,
   29.229074365207385
  ],
  [
   0.0,
   0.0,
   0.0,
   1.0
  ]
 ],
 "1-A": [
  [
   0.8590504607382722,
   -0.17837451134276702,
   0.47980708582574827,
   -77.46633251786997
  ],
  [
   0.24817620451289976,
   -0.6746645774623521,
   -0.6951519829728745,
   -39.758090250804244
  ],
  [
   0.4477062400938103,
   0.7162473327145985,
   -0.5353026069059316,
   28.288532823021463
  ],
  [
   0.0,
   0.0,
   0.0,
   1.0
  ]
 ],
 "1-C": [
  [
   -0.2623642970851708,
   -0.8062459994638727,
   0.5302191659714962,
   31.42840273367385
  ],
  [
   0.8290261442613573,
   -0.46952894627455904,
   -0.3037403837843298,
   -95.41285017241465
  ],
  [
   0.4938427155949055,
   0.35987491849086817,
   0.7915866442121446,
   10.338049261710244
  ],
  [
   0.0,
   0.0,
   0.0,
   1.0
  ]
 ],
 "2-A": [
  [
   0.08041356379243995,
   0.3999816713960689,
   -0.9129886753434666,
   49.747767366841195
  ],
  [
   -0.9454522411031004,
   0.3206952621864129,
   0.05722419596915382,
   1.7347609899976129
  ],
  [
   0.31567977216053283,
   0.8585855876721907,
   0.4039518165453352,
   48.023741508509154
  ],
  [
   0.0,
   0.0,
   0.0,
   1.0
  ]
 ],
 "2-B": [
  [
   0.17748938577961296,
   0.9836282125671733,
   -0.0311938676260958,
   38.88883114496326
  ],
  [
   0.9784950551308391,
   -0.17977069792123682,
   -0.10114308307250244,
   -58.008070468035314
  ],
  [
   -0.10509493337014576,
   -0.012571221532147648,
   -0.994382732839379,
   39.806740309388886
  ],
  [
   0.0,
   0.0,
   0.0,
   1.0
  ]
 ],
 "3-A": [
  [
   0.11267881527355002,
   -0.9065784113791585,
   -0.4067174309146168,
   -30.927576102781078
  ],
  [
   -0.6933517521812391,
   -0.3649358734491713,
   0.6213575106306364,
   -8.65586494816779
  ],
  [
   -0.7117350857838612,
   0.21198441520811784,
   -0.6696982718904964,
   35.46548609704304
  ],
  [
   0.0,
   0.0,
   0.0,
   1.0
  ]
 ],
 "3-B": [
  [
   -0.2744314773153904,
   -0.9593063968516689,
   0.06647255988723574,
   -33.432319573446264
  ],
  [
   -0.9569414965071048,
   0.2656458986436327,
   -0.11702661576136487,
   110.12518986222042
  ],
  [
   0.09460621819539283,
   -0.09572613798376158,
   -0.9909016954196211,
   30.455973902902702
  ],
  [
   0.0,
   0.0,
   0.0,
   1.0
  ]
 ],
 "4-A": [
  [
   0.7634897650939182,
   -0.3599288568133734,
   -0.5362225252913719,
   -59.835802957918986
  ],
  [
   -0.5836620025542796,
   -0.7399664853446197,
   -0.33434752480175045,
   13.706184354644877
  ],
  [
   -0.2764453750221964,
   0.5682436260968978,
   -0.7750336354179028,
   74.57552694787186
  ],
  [
   0.0,
   0.0,
   0.0,
   1.0
  ]
 ],
 "4-B": [
  [
   0.8443618835041018,
   0.4967352861205489,
   0.20076619538194607,
   -38.35788619704266
  ],
  [
   -0.5269542754566795,
   0.8376628827833571,
   0.1436665806129058,
   -1.0394643952796783
  ],
  [
   -0.09681012996237451,
   -0.22710118962659478,
   0.9690473922398513,
   -2.7624903100790283
  ],
  [
   0.0,
   0.0,
   0.0,
   1.0
  ]
 ],
 "5-A": [
  [
   -0.5722110388886323,
   0.7014712894784848,
   0.4248676935369245,
   10.67607900640733
  ],
  [
   -0.7640204824290876,
   -0.6442576336325165,
   0.03471028572412323,
   16.815371555404536
  ],
  [
   0.2980725237300736,
   -0.30474601153029235,
   0.9045897628503011,
   10.121497655016752
  ],
  [
   0.0,
   0.0,
   0.0,
   1.0
  ]
 ],
 "5-B": [
  [
   -0.456494452310948,
   0.5590897426482988,
   0.6921209971347398,
   -15.583736243196459
  ],
  [
   -0.040695043047517705,
   0.7639688170983527,
   -0.6439686016978617,
   -2.3100499243490455
  ],
  [
   -0.8887950992668034,
   -0.322133987910003,
   -0.32599534559945664,
   61.579919535902384
  ],
  [
   0.0,
   0.0,
   0.0,
   1.0
  ]
 ]
}